Workbook

Sheet 안내
B2: 2026년 고양시 바이브 코딩 창업경진대회 — 참가자 DB 및 참석자 명단
B4: 이 파일의 용도
B5: 과업지시서 Ⅲ-가의 「참가자 DB(소속·학번·연락처·팀 구성 여부) 구축」과
B6: 결과보고·정산 시 제출하는 행사별 참석자 명단을 하나로 관리하는 대장입니다.
B8: 시트 구성
B9: ① 창업특강_참석 9. 28.(월) 특강 참석자 — 현장 서명부를 받아 옮겨 적는 시트 (200행)
B10: ② 참가팀_명단 서류 접수 팀 전체 — 구글폼 응답을 붙여넣어 관리
B11: ③ 서류심사_결과 심사위원 2인의 항목별 점수 — 소계·평균 자동 계산, 합격 여부
B12: ④ 온라인멘토링 10. 13.(화)~10. 18.(일) 팀별 멘토링 진행 기록
B13: ⑤ 최종발표_참석 10. 22.(목) 발표 평가 및 시상 참석
B14: ⑥ 집계 위 시트를 자동 집계 (수식이 들어 있으니 덮어쓰지 마세요)
B16: 쓰는 법
... B24: · 파일을 외부로 보낼 때는 연락처·이메일 열을 지우거나 가린 사본을 쓰세요.

Sheet 창업특강_참석
A1: ※ 9. 28.(월) 12:00~14:00 현장 서명부(창업특강_참석자명단.pdf)를 받아 이곳에 옮겨 적습니다.
A2: 연번 | B2: 성명 | C2: 소속 | D2: 학년 | E2: 학번 | F2: 연락처 | G2: 이메일 | H2: 개인정보 동의 | I2: 서명 확인 | J2: 비고
A3: 1
A4: 2
A5: 3
A6: 4
A7: 5
A8: 6
A9: 7
A10: 8
A11: 9
A12: 10
A13: 11
A14: 12
... A202: 200

Sheet 참가팀_명단
A1: ※ 구글폼 응답 시트에서 값만 복사해 붙여넣으세요. 접수 마감 10. 9.(금) 18:00
A2: 연번 | B2: 팀명 | C2: 참가 형태 | D2: 대표자 | E2: 소속 대학 | F2: 학과 / 학년 | G2: 연락처 | H2: 이메일 | I2: 아이템 한 줄 소개 | J2: 팀원 2 | K2: 팀원 3 | L2: 팀원 4 | M2: 사업계획서 제출 | N2: 특강 참석 | O2: 멘토링 가능 시간대 | P2: 비고
A3: 1
A4: 2
A5: 3
A6: 4
A7: 5
A8: 6
A9: 7
A10: 8
A11: 9
A12: 10
A13: 11
A14: 12
... A62: 60

Sheet 서류심사_결과
A1: ※ 배점 : 문제 정의 10 · AI 솔루션 적합성 20 · 시장 규모 15 · 비즈니스 모델 타당성 20 · 구현 계획 20 · 사업 의지 15 = 100점 ｜ 서류 합격자 발표 10. 12.(월) 이메일 개별 통보
A2: 연번 | B2: 팀명 | C2: 대표자 | D2: 심사1 문제 정의 능력 | E2: 심사1 AI 솔루션 적합성 | F2: 심사1 시장 규모 | G2: 심사1 비즈니스 모델 타당성 | H2: 심사1 구현 계획 | I2: 심사1 사업 의지 | J2: 심사2 문제 정의 능력 | K2: 심사2 AI 솔루션 적합성 | L2: 심사2 시장 규모 | M2: 심사2 비즈니스 모델 타당성 | N2: 심사2 구현 계획 | O2: 심사2 사업 의지 | P2: 심사 1 소계 | Q2: 심사 2 소계 | R2: 평균 | S2: 순위 | T2: 합격 여부 | U2: 통보일 | V2: 심사 의견
A3: 1 | P3: =IF(COUNT(D3:I3)=0,"",SUM(D3:I3)) | Q3: =IF(COUNT(J3:O3)=0,"",SUM(J3:O3)) | R3: =IF(COUNT(P3:Q3)=0,"",ROUND(AVERAGE(P3:Q3),1))
A4: 2 | P4: =IF(COUNT(D4:I4)=0,"",SUM(D4:I4)) | Q4: =IF(COUNT(J4:O4)=0,"",SUM(J4:O4)) | R4: =IF(COUNT(P4:Q4)=0,"",ROUND(AVERAGE(P4:Q4),1))
A5: 3 | P5: =IF(COUNT(D5:I5)=0,"",SUM(D5:I5)) | Q5: =IF(COUNT(J5:O5)=0,"",SUM(J5:O5)) | R5: =IF(COUNT(P5:Q5)=0,"",ROUND(AVERAGE(P5:Q5),1))
A6: 4 | P6: =IF(COUNT(D6:I6)=0,"",SUM(D6:I6)) | Q6: =IF(COUNT(J6:O6)=0,"",SUM(J6:O6)) | R6: =IF(COUNT(P6:Q6)=0,"",ROUND(AVERAGE(P6:Q6),1))
A7: 5 | P7: =IF(COUNT(D7:I7)=0,"",SUM(D7:I7)) | Q7: =IF(COUNT(J7:O7)=0,"",SUM(J7:O7)) | R7: =IF(COUNT(P7:Q7)=0,"",ROUND(AVERAGE(P7:Q7),1))
A8: 6 | P8: =IF(COUNT(D8:I8)=0,"",SUM(D8:I8)) | Q8: =IF(COUNT(J8:O8)=0,"",SUM(J8:O8)) | R8: =IF(COUNT(P8:Q8)=0,"",ROUND(AVERAGE(P8:Q8),1))
A9: 7 | P9: =IF(COUNT(D9:I9)=0,"",SUM(D9:I9)) | Q9: =IF(COUNT(J9:O9)=0,"",SUM(J9:O9)) | R9: =IF(COUNT(P9:Q9)=0,"",ROUND(AVERAGE(P9:Q9),1))
A10: 8 | P10: =IF(COUNT(D10:I10)=0,"",SUM(D10:I10)) | Q10: =IF(COUNT(J10:O10)=0,"",SUM(J10:O10)) | R10: =IF(COUNT(P10:Q10)=0,"",ROUND(AVERAGE(P10:Q10),1))
A11: 9 | P11: =IF(COUNT(D11:I11)=0,"",SUM(D11:I11)) | Q11: =IF(COUNT(J11:O11)=0,"",SUM(J11:O11)) | R11: =IF(COUNT(P11:Q11)=0,"",ROUND(AVERAGE(P11:Q11),1))
A12: 10 | P12: =IF(COUNT(D12:I12)=0,"",SUM(D12:I12)) | Q12: =IF(COUNT(J12:O12)=0,"",SUM(J12:O12)) | R12: =IF(COUNT(P12:Q12)=0,"",ROUND(AVERAGE(P12:Q12),1))
A13: 11 | P13: =IF(COUNT(D13:I13)=0,"",SUM(D13:I13)) | Q13: =IF(COUNT(J13:O13)=0,"",SUM(J13:O13)) | R13: =IF(COUNT(P13:Q13)=0,"",ROUND(AVERAGE(P13:Q13),1))
A14: 12 | P14: =IF(COUNT(D14:I14)=0,"",SUM(D14:I14)) | Q14: =IF(COUNT(J14:O14)=0,"",SUM(J14:O14)) | R14: =IF(COUNT(P14:Q14)=0,"",ROUND(AVERAGE(P14:Q14),1))
... A62: 60 | P62: =IF(COUNT(D62:I62)=0,"",SUM(D62:I62)) | Q62: =IF(COUNT(J62:O62)=0,"",SUM(J62:O62)) | R62: =IF(COUNT(P62:Q62)=0,"",ROUND(AVERAGE(P62:Q62),1))

Sheet 온라인멘토링
A1: ※ 10. 13.(화) ~ 10. 18.(일) · 서류 합격 팀 대상 · 팀당 1회
A2: 연번 | B2: 팀명 | C2: 멘토링 일자 | D2: 시작 | E2: 종료 | F2: 멘토명 | G2: 소속 | H2: 참석 인원 | I2: 진행 방식 | J2: 멘토링 결과 요약 (개선 과제) | K2: 비고
A3: 1
A4: 2
A5: 3
A6: 4
A7: 5
A8: 6
A9: 7
A10: 8
A11: 9
A12: 10
A13: 11
A14: 12
... A32: 30

Sheet 최종발표_참석
A1: ※ 10. 22.(목) · 학생·심사위원·스태프를 구분해 함께 기록합니다.
A2: 연번 | B2: 구분 | C2: 팀명 / 소속 | D2: 성명 | E2: 연락처 | F2: 이메일 | G2: 발표 순서 | H2: 참석 확인 | I2: 수상 | J2: 비고
A3: 1
A4: 2
A5: 3
A6: 4
A7: 5
A8: 6
A9: 7
A10: 8
A11: 9
A12: 10
A13: 11
A14: 12
... A62: 60

Sheet 집계
B2: 집계
B4: 창업 특강 참석자 | C4: =COUNTA(창업특강_참석!B3:B202) | D4: 명 · 9. 28.(월) 12:00~14:00
B5: 개인정보 동의 확인 | C5: =COUNTIF(창업특강_참석!H3:H202,"Y") | D5: 명
B7: 서류 접수 팀 | C7: =COUNTA(참가팀_명단!B3:B62) | D7: 팀 · 마감 10. 9.(금)
B8: 사업계획서 제출 완료 | C8: =COUNTIF(참가팀_명단!M3:M62,"Y") | D8: 팀
B9: 참가 인원 (팀원 포함) | C9: =COUNTA(참가팀_명단!D3:D62)+COUNTA(참가팀_명단!J3:J62)+COUNTA(참가팀_명단!K3:K62)+COUNTA(참가팀_명단!L3:L62) | D9: 명
B11: 서류 합격 팀 | C11: =COUNTIF(서류심사_결과!T3:T62,"합격") | D11: 팀 · 발표 10. 12.(월)
B12: 멘토링 완료 팀 | C12: =COUNTA(온라인멘토링!B3:B32) | D12: 팀 · 10. 13. ~ 10. 18.
B14: 최종발표 참석 (전체) | C14: =COUNTIF(최종발표_참석!H3:H62,"Y") | D14: 명 · 10. 22.(목)
B15: ├ 참가 학생 | C15: =COUNTIFS(최종발표_참석!B3:B62,"참가학생",최종발표_참석!H3:H62,"Y") | D15: 명
B16: ├ 심사위원 | C16: =COUNTIFS(최종발표_참석!B3:B62,"심사위원",최종발표_참석!H3:H62,"Y") | D16: 명
B17: └ 스태프 | C17: =COUNTIFS(최종발표_참석!B3:B62,"스태프",최종발표_참석!H3:H62,"Y") | D17: 명
B19: 수상 팀 | C19: =COUNTA(최종발표_참석!I3:I62) | D19: 팀 · 총 10팀 예정
